Date,Open,High,Low,Close,Adj Close,Volume
2019-01-02,2000,2000,2000,2000,2000,58576700
2019-01-03,2000,2000,2000,2000,2000,74820200
2019-01-04,2000,2000,2000,2000,2000,74709300
2019-01-07,2000,2000,2000,2000,2000,52059300
2019-01-08,2000,2000,2000,2000,2000,49388700
2019-01-09,2000,2000,2000,2000,2000,46491700
2019-01-10,2000,2000,2000,2000,2000,38943400
2019-01-11,2000,2000,2000,2000,2000,30176600
2019-01-14,2000,2000,2000,2000,2000,30710200
2019-01-15,2000,2000,2000,2000,2000,40874200
2019-01-16,2000,2000,2000,2000,2000,33812200
2019-01-17,2000,2000,2000,2000,2000,39329000
2019-01-18,2000,2000,2000,2000,2000,57183200
2019-01-22,2000,2000,2000,2000,2000,56711700
2019-01-23,2000,2000,2000,2000,2000,38106100
2019-01-24,2000,2000,2000,2000,2000,32417800
2019-01-25,2000,2000,2000,2000,2000,36515900
2019-01-28,2000,2000,2000,2000,2000,33491200
2019-01-29,2000,2000,2000,2000,2000,30784200
2019-01-30,2000,2000,2000,2000,2000,41346500
2019-01-31,2000,2000,2000,2000,2000,37258400
2019-02-01,2000,2000,2000,2000,2000,32143700
2019-02-04,2000,2000,2000,2000,2000,26718800
2019-02-05,2000,2000,2000,2000,2000,28156400
2019-02-06,2000,2000,2000,2000,2000,27970000
2019-02-07,2000,2000,2000,2000,2000,42036200
2019-02-08,2000,2000,2000,2000,2000,29020700
2019-02-11,2000,2000,2000,2000,2000,21434100
2019-02-12,2000,2000,2000,2000,2000,29722100
2019-02-13,2000,2000,2000,2000,2000,26094100
2019-02-14,2000,2000,2000,2000,2000,30326800
2019-02-15,2000,2000,2000,2000,2000,32521700
2019-02-19,2000,2000,2000,2000,2000,19487700
2019-02-20,2000,2000,2000,2000,2000,32593000
2019-02-21,2000,2000,2000,2000,2000,25207400
2019-02-22,2000,2000,2000,2000,2000,27735400
2019-02-25,2000,2000,2000,2000,2000,32608800
2019-02-26,2000,2000,2000,2000,2000,21939700
2019-02-27,2000,2000,2000,2000,2000,25162000
2019-02-28,2000,2000,2000,2000,2000,25085500
2019-03-01,2000,2000,2000,2000,2000,31431200
2019-03-04,2000,2000,2000,2000,2000,38063500
2019-03-05,2000,2000,2000,2000,2000,22319900
2019-03-06,2000,2000,2000,2000,2000,27194600
2019-03-07,2000,2000,2000,2000,2000,39407400
2019-03-08,2000,2000,2000,2000,2000,39303200
2019-03-11,2000,2000,2000,2000,2000,30518400
2019-03-12,2000,2000,2000,2000,2000,33953500
2019-03-13,2000,2000,2000,2000,2000,42426100
2019-03-14,2000,2000,2000,2000,2000,23751500
2019-03-15,2000,2000,2000,2000,2000,38192000
2019-03-18,2000,2000,2000,2000,2000,32935100
2019-03-19,2000,2000,2000,2000,2000,36893300
2019-03-20,2000,2000,2000,2000,2000,50105000
2019-03-21,2000,2000,2000,2000,2000,42428500
2019-03-22,2000,2000,2000,2000,2000,70794500
2019-03-25,2000,2000,2000,2000,2000,46336500
2019-03-26,2000,2000,2000,2000,2000,33248100
2019-03-27,2000,2000,2000,2000,2000,37096700
2019-03-28,2000,2000,2000,2000,2000,30368200
2019-03-29,2000,2000,2000,2000,2000,35205500
2019-04-01,2000,2000,2000,2000,2000,30969500
2019-04-02,2000,2000,2000,2000,2000,22645200
2019-04-03,2000,2000,2000,2000,2000,31633500
2019-04-04,2000,2000,2000,2000,2000,28530800
2019-04-05,2000,2000,2000,2000,2000,25674700
2019-04-08,2000,2000,2000,2000,2000,22697500
2019-04-09,2000,2000,2000,2000,2000,25631900
2019-04-10,2000,2000,2000,2000,2000,24563000
2019-04-11,2000,2000,2000,2000,2000,20654100
2019-04-12,2000,2000,2000,2000,2000,24989100
2019-04-15,2000,2000,2000,2000,2000,21073000
2019-04-16,2000,2000,2000,2000,2000,27195700
2019-04-17,2000,2000,2000,2000,2000,29651600
2019-04-18,2000,2000,2000,2000,2000,28580900
2019-04-22,2000,2000,2000,2000,2000,17936000
2019-04-23,2000,2000,2000,2000,2000,33665600
2019-04-24,2000,2000,2000,2000,2000,24977100
2019-04-25,2000,2000,2000,2000,2000,29517500
2019-04-26,2000,2000,2000,2000,2000,26359500
2019-04-29,2000,2000,2000,2000,2000,21716200
2019-04-30,2000,2000,2000,2000,2000,31495300
2019-05-01,2000,2000,2000,2000,2000,34797100
2019-05-02,2000,2000,2000,2000,2000,44110100
2019-05-03,2000,2000,2000,2000,2000,30386200
2019-05-06,2000,2000,2000,2000,2000,38371800
2019-05-07,2000,2000,2000,2000,2000,58818100
2019-05-08,2000,2000,2000,2000,2000,37165300
2019-05-09,2000,2000,2000,2000,2000,55351700
2019-05-10,2000,2000,2000,2000,2000,58526400
2019-05-13,2000,2000,2000,2000,2000,67185800
2019-05-14,2000,2000,2000,2000,2000,43360600
2019-05-15,2000,2000,2000,2000,2000,40944500
2019-05-16,2000,2000,2000,2000,2000,39281200
2019-05-17,2000,2000,2000,2000,2000,44702300
2019-05-20,2000,2000,2000,2000,2000,38608300
2019-05-21,2000,2000,2000,2000,2000,31613800
2019-05-22,2000,2000,2000,2000,2000,24332600
2019-05-23,2000,2000,2000,2000,2000,45351300
2019-05-24,2000,2000,2000,2000,2000,25903300
2019-05-28,2000,2000,2000,2000,2000,24763800
2019-05-29,2000,2000,2000,2000,2000,42178800
2019-05-30,2000,2000,2000,2000,2000,30354800
2019-05-31,2000,2000,2000,2000,2000,45446200
2019-06-03,2000,2000,2000,2000,2000,75842300
2019-06-04,2000,2000,2000,2000,2000,47797800
2019-06-05,2000,2000,2000,2000,2000,34412700
2019-06-06,2000,2000,2000,2000,2000,29913200
2019-06-07,2000,2000,2000,2000,2000,45888300
2019-06-10,2000,2000,2000,2000,2000,41385300
2019-06-11,2000,2000,2000,2000,2000,41260300
2019-06-12,2000,2000,2000,2000,2000,27758100
2019-06-13,2000,2000,2000,2000,2000,23715800
2019-06-14,2000,2000,2000,2000,2000,22844100
2019-06-17,2000,2000,2000,2000,2000,20379500
2019-06-18,2000,2000,2000,2000,2000,48177300
2019-06-19,2000,2000,2000,2000,2000,31672900
2019-06-20,2000,2000,2000,2000,2000,40922000
2019-06-21,2000,2000,2000,2000,2000,39980400
2019-06-24,2000,2000,2000,2000,2000,19375200
2019-06-25,2000,2000,2000,2000,2000,33921100
2019-06-26,2000,2000,2000,2000,2000,22595700
2019-06-27,2000,2000,2000,2000,2000,19709200
2019-06-28,2000,2000,2000,2000,2000,21179200
2019-07-01,2056.6,2056.6,2056.6,2056.6,2056.6,31025600
2019-07-02,2056.6,2056.6,2056.6,2056.6,2056.6,18035800
2019-07-03,2056.6,2056.6,2056.6,2056.6,2056.6,15792100
2019-07-05,2056.6,2056.6,2056.6,2056.6,2056.6,21415600
2019-07-08,2056.6,2056.6,2056.6,2056.6,2056.6,17598800
2019-07-09,2056.6,2056.6,2056.6,2056.6,2056.6,19193500
2019-07-10,2056.6,2056.6,2056.6,2056.6,2056.6,28374500
2019-07-11,2056.6,2056.6,2056.6,2056.6,2056.6,23736100
2019-07-12,2056.6,2056.6,2056.6,2056.6,2056.6,20211900
2019-07-15,2056.6,2056.6,2056.6,2056.6,2056.6,15606100
2019-07-16,2056.6,2056.6,2056.6,2056.6,2056.6,20190900
2019-07-17,2056.6,2056.6,2056.6,2056.6,2056.6,16765100
2019-07-18,2056.6,2056.6,2056.6,2056.6,2056.6,28877000
2019-07-19,2056.6,2056.6,2056.6,2056.6,2056.6,29387900
2019-07-22,2056.6,2056.6,2056.6,2056.6,2056.6,18954900
2019-07-23,2056.6,2056.6,2056.6,2056.6,2056.6,23786700
2019-07-24,2056.6,2056.6,2056.6,2056.6,2056.6,20422900
2019-07-25,2056.6,2056.6,2056.6,2056.6,2056.6,23434700
2019-07-26,2056.6,2056.6,2056.6,2056.6,2056.6,20431200
2019-07-29,2056.6,2056.6,2056.6,2056.6,2056.6,20451700
2019-07-30,2056.6,2056.6,2056.6,2056.6,2056.6,18705000
2019-07-31,2056.6,2056.6,2056.6,2056.6,2056.6,41627500
2019-08-01,2056.6,2056.6,2056.6,2056.6,2056.6,63251600
2019-08-02,2056.6,2056.6,2056.6,2056.6,2056.6,55214000
2019-08-05,2056.6,2056.6,2056.6,2056.6,2056.6,75040000
2019-08-06,2056.6,2056.6,2056.6,2056.6,2056.6,41897200
2019-08-07,2056.6,2056.6,2056.6,2056.6,2056.6,49990600
2019-08-08,2056.6,2056.6,2056.6,2056.6,2056.6,38418100
2019-08-09,2056.6,2056.6,2056.6,2056.6,2056.6,33608900
2019-08-12,2056.6,2056.6,2056.6,2056.6,2056.6,24642900
2019-08-13,2056.6,2056.6,2056.6,2056.6,2056.6,40241900
2019-08-14,2056.6,2056.6,2056.6,2056.6,2056.6,51000500
2019-08-15,2056.6,2056.6,2056.6,2056.6,2056.6,36685000
2019-08-16,2056.6,2056.6,2056.6,2056.6,2056.6,32781400
2019-08-19,2056.6,2056.6,2056.6,2056.6,2056.6,22494100
2019-08-20,2056.6,2056.6,2056.6,2056.6,2056.6,19902900
2019-08-21,2056.6,2056.6,2056.6,2056.6,2056.6,20418500
2019-08-22,2056.6,2056.6,2056.6,2056.6,2056.6,24243700
2019-08-23,2056.6,2056.6,2056.6,2056.6,2056.6,55372400
2019-08-26,2056.6,2056.6,2056.6,2056.6,2056.6,27598900
2019-08-27,2056.6,2056.6,2056.6,2056.6,2056.6,28012800
2019-08-28,2056.6,2056.6,2056.6,2056.6,2056.6,21792400
2019-08-29,2056.6,2056.6,2056.6,2056.6,2056.6,25358900
2019-08-30,2056.6,2056.6,2056.6,2056.6,2056.6,26319800
2019-09-03,2056.6,2056.6,2056.6,2056.6,2056.6,27964200
2019-09-04,2056.6,2056.6,2056.6,2056.6,2056.6,21592100
2019-09-05,2056.6,2056.6,2056.6,2056.6,2056.6,33932600
2019-09-06,2056.6,2056.6,2056.6,2056.6,2056.6,19487800
2019-09-09,2056.6,2056.6,2056.6,2056.6,2056.6,24407600
2019-09-10,2056.6,2056.6,2056.6,2056.6,2056.6,23744700
2019-09-11,2056.6,2056.6,2056.6,2056.6,2056.6,25063600
2019-09-12,2056.6,2056.6,2056.6,2056.6,2056.6,28689900
2019-09-13,2056.6,2056.6,2056.6,2056.6,2056.6,27669800
2019-09-16,2056.6,2056.6,2056.6,2056.6,2056.6,20319000
2019-09-17,2056.6,2056.6,2056.6,2056.6,2056.6,20953400
2019-09-18,2056.6,2056.6,2056.6,2056.6,2056.6,29781300
2019-09-19,2056.6,2056.6,2056.6,2056.6,2056.6,26039400
2019-09-20,2056.6,2056.6,2056.6,2056.6,2056.6,29086100
2019-09-23,2056.6,2056.6,2056.6,2056.6,2056.6,22485900
2019-09-24,2056.6,2056.6,2056.6,2056.6,2056.6,40820700
2019-09-25,2056.6,2056.6,2056.6,2056.6,2056.6,34704900
2019-09-26,2056.6,2056.6,2056.6,2056.6,2056.6,26826000
2019-09-27,2056.6,2056.6,2056.6,2056.6,2056.6,40773500
2019-09-30,2056.6,2056.6,2056.6,2056.6,2056.6,26307700
2019-10-01,2056.6,2056.6,2056.6,2056.6,2056.6,32367600
2019-10-02,2056.6,2056.6,2056.6,2056.6,2056.6,48544300
2019-10-03,2056.6,2056.6,2056.6,2056.6,2056.6,39392500
2019-10-04,2056.6,2056.6,2056.6,2056.6,2056.6,31887600
2019-10-07,2056.6,2056.6,2056.6,2056.6,2056.6,21216000
2019-10-08,2056.6,2056.6,2056.6,2056.6,2056.6,32379300
2019-10-09,2056.6,2056.6,2056.6,2056.6,2056.6,20147400
2019-10-10,2056.6,2056.6,2056.6,2056.6,2056.6,25177700
2019-10-11,2056.6,2056.6,2056.6,2056.6,2056.6,40976700
2019-10-14,2056.6,2056.6,2056.6,2056.6,2056.6,14975000
2019-10-15,2056.6,2056.6,2056.6,2056.6,2056.6,23234200
2019-10-16,2056.6,2056.6,2056.6,2056.6,2056.6,20457100
2019-10-17,2056.6,2056.6,2056.6,2056.6,2056.6,19045200
2019-10-18,2056.6,2056.6,2056.6,2056.6,2056.6,27700800
2019-10-21,2056.6,2056.6,2056.6,2056.6,2056.6,15801200
2019-10-22,2056.6,2056.6,2056.6,2056.6,2056.6,22392300
2019-10-23,2056.6,2056.6,2056.6,2056.6,2056.6,14828400
2019-10-24,2056.6,2056.6,2056.6,2056.6,2056.6,18998500
2019-10-25,2056.6,2056.6,2056.6,2056.6,2056.6,21507100
2019-10-28,2056.6,2056.6,2056.6,2056.6,2056.6,18818700
2019-10-29,2056.6,2056.6,2056.6,2056.6,2056.6,18569700
2019-10-30,2056.6,2056.6,2056.6,2056.6,2056.6,21764300
2019-10-31,2056.6,2056.6,2056.6,2056.6,2056.6,26801800
2019-11-01,2056.6,2056.6,2056.6,2056.6,2056.6,22131900
2019-11-04,2056.6,2056.6,2056.6,2056.6,2056.6,19015900
2019-11-05,2056.6,2056.6,2056.6,2056.6,2056.6,15048900
2019-11-06,2056.6,2056.6,2056.6,2056.6,2056.6,19725500
2019-11-07,2056.6,2056.6,2056.6,2056.6,2056.6,17832400
2019-11-08,2056.6,2056.6,2056.6,2056.6,2056.6,15258800
2019-11-11,2056.6,2056.6,2056.6,2056.6,2056.6,10147600
2019-11-12,2056.6,2056.6,2056.6,2056.6,2056.6,14778300
2019-11-13,2056.6,2056.6,2056.6,2056.6,2056.6,15774600
2019-11-14,2056.6,2056.6,2056.6,2056.6,2056.6,16945400
2019-11-15,2056.6,2056.6,2056.6,2056.6,2056.6,18427900
2019-11-18,2056.6,2056.6,2056.6,2056.6,2056.6,18365900
2019-11-19,2056.6,2056.6,2056.6,2056.6,2056.6,16923300
2019-11-20,2056.6,2056.6,2056.6,2056.6,2056.6,36629000
2019-11-21,2056.6,2056.6,2056.6,2056.6,2056.6,17883600
2019-11-22,2056.6,2056.6,2056.6,2056.6,2056.6,17189600
2019-11-25,2056.6,2056.6,2056.6,2056.6,2056.6,17752800
2019-11-26,2056.6,2056.6,2056.6,2056.6,2056.6,14780600
2019-11-27,2056.6,2056.6,2056.6,2056.6,2056.6,16963100
2019-11-29,2056.6,2056.6,2056.6,2056.6,2056.6,9854600
2019-12-02,2056.6,2056.6,2056.6,2056.6,2056.6,28007000
2019-12-03,2056.6,2056.6,2056.6,2056.6,2056.6,31104100
2019-12-04,2056.6,2056.6,2056.6,2056.6,2056.6,15300100
2019-12-05,2056.6,2056.6,2056.6,2056.6,2056.6,14962300
2019-12-06,2056.6,2056.6,2056.6,2056.6,2056.6,16555300
2019-12-09,2056.6,2056.6,2056.6,2056.6,2056.6,13984100
2019-12-10,2056.6,2056.6,2056.6,2056.6,2056.6,21799800
2019-12-11,2056.6,2056.6,2056.6,2056.6,2056.6,18780800
2019-12-12,2056.6,2056.6,2056.6,2056.6,2056.6,32612000
2019-12-13,2056.6,2056.6,2056.6,2056.6,2056.6,32519400
2019-12-16,2056.6,2056.6,2056.6,2056.6,2056.6,21296600
2019-12-17,2056.6,2056.6,2056.6,2056.6,2056.6,15996100
2019-12-18,2056.6,2056.6,2056.6,2056.6,2056.6,15443300
2019-12-19,2056.6,2056.6,2056.6,2056.6,2056.6,17865900
2019-12-20,2056.6,2056.6,2056.6,2056.6,2056.6,27672600
2019-12-23,2056.6,2056.6,2056.6,2056.6,2056.6,23774700
2019-12-24,2056.6,2056.6,2056.6,2056.6,2056.6,7089000
2019-12-26,2056.6,2056.6,2056.6,2056.6,2056.6,17067500
2019-12-27,2056.6,2056.6,2056.6,2056.6,2056.6,18134100
2019-12-30,2056.6,2056.6,2056.6,2056.6,2056.6,21815500
2019-12-31,2056.6,2056.6,2056.6,2056.6,2056.6,18170900
2020-01-02,2113.2,2113.2,2113.2,2113.2,2113.2,30969400
2020-01-03,2113.2,2113.2,2113.2,2113.2,2113.2,27518900
2020-01-06,2113.2,2113.2,2113.2,2113.2,2113.2,21655300
2020-01-07,2113.2,2113.2,2113.2,2113.2,2113.2,22139300
2020-01-08,2113.2,2113.2,2113.2,2113.2,2113.2,26397300
2020-01-09,2113.2,2113.2,2113.2,2113.2,2113.2,23547000
2020-01-10,2113.2,2113.2,2113.2,2113.2,2113.2,21898500
2020-01-13,2113.2,2113.2,2113.2,2113.2,2113.2,22756900
2020-01-14,2113.2,2113.2,2113.2,2113.2,2113.2,24418100
2020-01-15,2113.2,2113.2,2113.2,2113.2,2113.2,25742100
2020-01-16,2113.2,2113.2,2113.2,2113.2,2113.2,18805000
2020-01-17,2113.2,2113.2,2113.2,2113.2,2113.2,24325200
2020-01-21,2113.2,2113.2,2113.2,2113.2,2113.2,21146300
2020-01-22,2113.2,2113.2,2113.2,2113.2,2113.2,20736400
2020-01-23,2113.2,2113.2,2113.2,2113.2,2113.2,26496100
2020-01-24,2113.2,2113.2,2113.2,2113.2,2113.2,37436500
2020-01-27,2113.2,2113.2,2113.2,2113.2,2113.2,42264400
2020-01-28,2113.2,2113.2,2113.2,2113.2,2113.2,26731900
2020-01-29,2113.2,2113.2,2113.2,2113.2,2113.2,28924500
2020-01-30,2113.2,2113.2,2113.2,2113.2,2113.2,39568100
2020-01-31,2113.2,2113.2,2113.2,2113.2,2113.2,52015800
2020-02-03,2113.2,2113.2,2113.2,2113.2,2113.2,25408600
2020-02-04,2113.2,2113.2,2113.2,2113.2,2113.2,30691200
2020-02-05,2113.2,2113.2,2113.2,2113.2,2113.2,38534800
2020-02-06,2113.2,2113.2,2113.2,2113.2,2113.2,22467100
2020-02-07,2113.2,2113.2,2113.2,2113.2,2113.2,25884900
2020-02-10,2113.2,2113.2,2113.2,2113.2,2113.2,21478900
2020-02-11,2113.2,2113.2,2113.2,2113.2,2113.2,30198000
2020-02-12,2113.2,2113.2,2113.2,2113.2,2113.2,24471300
2020-02-13,2113.2,2113.2,2113.2,2113.2,2113.2,22773200
2020-02-14,2113.2,2113.2,2113.2,2113.2,2113.2,23438500
2020-02-18,2113.2,2113.2,2113.2,2113.2,2113.2,24394500
2020-02-19,2113.2,2113.2,2113.2,2113.2,2113.2,22230500
2020-02-20,2113.2,2113.2,2113.2,2113.2,2113.2,42604000
2020-02-21,2113.2,2113.2,2113.2,2113.2,2113.2,66017200
2020-02-24,2113.2,2113.2,2113.2,2113.2,2113.2,84522600
2020-02-25,2113.2,2113.2,2113.2,2113.2,2113.2,97743000
2020-02-26,2113.2,2113.2,2113.2,2113.2,2113.2,79537700
2020-02-27,2113.2,2113.2,2113.2,2113.2,2113.2,121822600
2020-02-28,2113.2,2113.2,2113.2,2113.2,2113.2,148173700
2020-03-02,2113.2,2113.2,2113.2,2113.2,2113.2,112933900
2020-03-03,2113.2,2113.2,2113.2,2113.2,2113.2,131953500
2020-03-04,2113.2,2113.2,2113.2,2113.2,2113.2,73086200
2020-03-05,2113.2,2113.2,2113.2,2113.2,2113.2,78705500
2020-03-06,2113.2,2113.2,2113.2,2113.2,2113.2,89828400
2020-03-09,2113.2,2113.2,2113.2,2113.2,2113.2,116424000
2020-03-10,2113.2,2113.2,2113.2,2113.2,2113.2,100599200
2020-03-11,2113.2,2113.2,2113.2,2113.2,2113.2,89168800
2020-03-12,2113.2,2113.2,2113.2,2113.2,2113.2,137820700
2020-03-13,2113.2,2113.2,2113.2,2113.2,2113.2,134882000
2020-03-16,2113.2,2113.2,2113.2,2113.2,2113.2,92054400
2020-03-17,2113.2,2113.2,2113.2,2113.2,2113.2,121257100
2020-03-18,2113.2,2113.2,2113.2,2113.2,2113.2,114156300
2020-03-19,2113.2,2113.2,2113.2,2113.2,2113.2,120896500
2020-03-20,2113.2,2113.2,2113.2,2113.2,2113.2,118983900
2020-03-23,2113.2,2113.2,2113.2,2113.2,2113.2,124639800
2020-03-24,2113.2,2113.2,2113.2,2113.2,2113.2,94881800
2020-03-25,2113.2,2113.2,2113.2,2113.2,2113.2,88754900
2020-03-26,2113.2,2113.2,2113.2,2113.2,2113.2,79887600
2020-03-27,2113.2,2113.2,2113.2,2113.2,2113.2,58845000
2020-03-30,2113.2,2113.2,2113.2,2113.2,2113.2,49356900
2020-03-31,2113.2,2113.2,2113.2,2113.2,2113.2,62659300
2020-04-01,2113.2,2113.2,2113.2,2113.2,2113.2,53715400
2020-04-02,2113.2,2113.2,2113.2,2113.2,2113.2,56465300
2020-04-03,2113.2,2113.2,2113.2,2113.2,2113.2,47487600
2020-04-06,2113.2,2113.2,2113.2,2113.2,2113.2,64763500
2020-04-07,2113.2,2113.2,2113.2,2113.2,2113.2,69904500
2020-04-08,2113.2,2113.2,2113.2,2113.2,2113.2,45940400
2020-04-09,2113.2,2113.2,2113.2,2113.2,2113.2,68252600
2020-04-13,2113.2,2113.2,2113.2,2113.2,2113.2,42853900
2020-04-14,2113.2,2113.2,2113.2,2113.2,2113.2,63959600
2020-04-15,2113.2,2113.2,2113.2,2113.2,2113.2,47036000
2020-04-16,2113.2,2113.2,2113.2,2113.2,2113.2,64657400
2020-04-17,2113.2,2113.2,2113.2,2113.2,2113.2,62863200
2020-04-20,2113.2,2113.2,2113.2,2113.2,2113.2,38249100
2020-04-21,2113.2,2113.2,2113.2,2113.2,2113.2,72932800
2020-04-22,2113.2,2113.2,2113.2,2113.2,2113.2,40089100
2020-04-23,2113.2,2113.2,2113.2,2113.2,2113.2,43278500
2020-04-24,2113.2,2113.2,2113.2,2113.2,2113.2,34231900
2020-04-27,2113.2,2113.2,2113.2,2113.2,2113.2,36451700
2020-04-28,2113.2,2113.2,2113.2,2113.2,2113.2,46862800
2020-04-29,2113.2,2113.2,2113.2,2113.2,2113.2,48716400
2020-04-30,2113.2,2113.2,2113.2,2113.2,2113.2,43359500
2020-05-01,2113.2,2113.2,2113.2,2113.2,2113.2,48795000
2020-05-04,2113.2,2113.2,2113.2,2113.2,2113.2,32841000
2020-05-05,2113.2,2113.2,2113.2,2113.2,2113.2,37783100
2020-05-06,2113.2,2113.2,2113.2,2113.2,2113.2,36455200
2020-05-07,2113.2,2113.2,2113.2,2113.2,2113.2,38624800
2020-05-08,2113.2,2113.2,2113.2,2113.2,2113.2,31852300
2020-05-11,2113.2,2113.2,2113.2,2113.2,2113.2,35714100
2020-05-12,2113.2,2113.2,2113.2,2113.2,2113.2,41054100
2020-05-13,2113.2,2113.2,2113.2,2113.2,2113.2,65521200
2020-05-14,2113.2,2113.2,2113.2,2113.2,2113.2,51549300
2020-05-15,2113.2,2113.2,2113.2,2113.2,2113.2,55747200
2020-05-18,2113.2,2113.2,2113.2,2113.2,2113.2,42398100
2020-05-19,2113.2,2113.2,2113.2,2113.2,2113.2,36237300
2020-05-20,2113.2,2113.2,2113.2,2113.2,2113.2,37417000
2020-05-21,2113.2,2113.2,2113.2,2113.2,2113.2,43642900
2020-05-22,2113.2,2113.2,2113.2,2113.2,2113.2,28762400
2020-05-26,2113.2,2113.2,2113.2,2113.2,2113.2,33055300
2020-05-27,2113.2,2113.2,2113.2,2113.2,2113.2,55665600
2020-05-28,2113.2,2113.2,2113.2,2113.2,2113.2,42784300
2020-05-29,2113.2,2113.2,2113.2,2113.2,2113.2,50691800
2020-06-01,2113.2,2113.2,2113.2,2113.2,2113.2,25776000
2020-06-02,2113.2,2113.2,2113.2,2113.2,2113.2,33383400
2020-06-03,2113.2,2113.2,2113.2,2113.2,2113.2,37228700
2020-06-04,2113.2,2113.2,2113.2,2113.2,2113.2,38716100
2020-06-05,2113.2,2113.2,2113.2,2113.2,2113.2,47365600
2020-06-08,2113.2,2113.2,2113.2,2113.2,2113.2,32937300
2020-06-09,2113.2,2113.2,2113.2,2113.2,2113.2,35046300
2020-06-10,2113.2,2113.2,2113.2,2113.2,2113.2,58084400
2020-06-11,2113.2,2113.2,2113.2,2113.2,2113.2,72919400
2020-06-12,2113.2,2113.2,2113.2,2113.2,2113.2,72034800
2020-06-15,2113.2,2113.2,2113.2,2113.2,2113.2,45307400
2020-06-16,2113.2,2113.2,2113.2,2113.2,2113.2,48890100
2020-06-17,2113.2,2113.2,2113.2,2113.2,2113.2,34749300
2020-06-18,2113.2,2113.2,2113.2,2113.2,2113.2,30578600
2020-06-19,2113.2,2113.2,2113.2,2113.2,2113.2,49422100
2020-06-22,2113.2,2113.2,2113.2,2113.2,2113.2,24068700
2020-06-23,2113.2,2113.2,2113.2,2113.2,2113.2,32767400
2020-06-24,2113.2,2113.2,2113.2,2113.2,2113.2,46032400
2020-06-25,2113.2,2113.2,2113.2,2113.2,2113.2,36940800
2020-06-26,2113.2,2113.2,2113.2,2113.2,2113.2,52824600
2020-06-29,2113.2,2113.2,2113.2,2113.2,2113.2,34377800
2020-06-30,2113.2,2113.2,2113.2,2113.2,2113.2,38909200
2020-07-01,2169.8,2169.8,2169.8,2169.8,2169.8,34689200
2020-07-02,2169.8,2169.8,2169.8,2169.8,2169.8,31956500
2020-07-06,2169.8,2169.8,2169.8,2169.8,2169.8,34589000
2020-07-07,2169.8,2169.8,2169.8,2169.8,2169.8,36578200
2020-07-08,2169.8,2169.8,2169.8,2169.8,2169.8,30426300
2020-07-09,2169.8,2169.8,2169.8,2169.8,2169.8,40312900
2020-07-10,2169.8,2169.8,2169.8,2169.8,2169.8,32885300
2020-07-13,2169.8,2169.8,2169.8,2169.8,2169.8,64108100
2020-07-14,2169.8,2169.8,2169.8,2169.8,2169.8,72230500
2020-07-15,2169.8,2169.8,2169.8,2169.8,2169.8,54523900
2020-07-16,2169.8,2169.8,2169.8,2169.8,2169.8,47594100
2020-07-17,2169.8,2169.8,2169.8,2169.8,2169.8,35137900
2020-07-20,2169.8,2169.8,2169.8,2169.8,2169.8,40610100
2020-07-21,2169.8,2169.8,2169.8,2169.8,2169.8,43243800
2020-07-22,2169.8,2169.8,2169.8,2169.8,2169.8,29865500
2020-07-23,2169.8,2169.8,2169.8,2169.8,2169.8,51363500
2020-07-24,2169.8,2169.8,2169.8,2169.8,2169.8,54054500
2020-07-27,2169.8,2169.8,2169.8,2169.8,2169.8,36445700
2020-07-28,2169.8,2169.8,2169.8,2169.8,2169.8,31302400
2020-07-29,2169.8,2169.8,2169.8,2169.8,2169.8,27556900
2020-07-30,2169.8,2169.8,2169.8,2169.8,2169.8,41774500
2020-07-31,2169.8,2169.8,2169.8,2169.8,2169.8,53686300
2020-08-03,2169.8,2169.8,2169.8,2169.8,2169.8,32081600
2020-08-04,2169.8,2169.8,2169.8,2169.8,2169.8,24911300
2020-08-05,2169.8,2169.8,2169.8,2169.8,2169.8,21612100
2020-08-06,2169.8,2169.8,2169.8,2169.8,2169.8,28048200
2020-08-07,2169.8,2169.8,2169.8,2169.8,2169.8,44969400
2020-08-10,2169.8,2169.8,2169.8,2169.8,2169.8,35088400
2020-08-11,2169.8,2169.8,2169.8,2169.8,2169.8,43104300
2020-08-12,2169.8,2169.8,2169.8,2169.8,2169.8,38773400
2020-08-13,2169.8,2169.8,2169.8,2169.8,2169.8,31895700
2020-08-14,2169.8,2169.8,2169.8,2169.8,2169.8,30799500
2020-08-17,2169.8,2169.8,2169.8,2169.8,2169.8,24803000
2020-08-18,2169.8,2169.8,2169.8,2169.8,2169.8,23529500
2020-08-19,2169.8,2169.8,2169.8,2169.8,2169.8,31999400
2020-08-20,2169.8,2169.8,2169.8,2169.8,2169.8,27723400
2020-08-21,2169.8,2169.8,2169.8,2169.8,2169.8,34748900
2020-08-24,2169.8,2169.8,2169.8,2169.8,2169.8,36418500
2020-08-25,2169.8,2169.8,2169.8,2169.8,2169.8,34866600
2020-08-26,2169.8,2169.8,2169.8,2169.8,2169.8,42216700
2020-08-27,2169.8,2169.8,2169.8,2169.8,2169.8,49482700
2020-08-28,2169.8,2169.8,2169.8,2169.8,2169.8,28021000
2020-08-31,2169.8,2169.8,2169.8,2169.8,2169.8,36321000
2020-09-01,2169.8,2169.8,2169.8,2169.8,2169.8,36216200
2020-09-02,2169.8,2169.8,2169.8,2169.8,2169.8,50836800
2020-09-03,2169.8,2169.8,2169.8,2169.8,2169.8,110083300
2020-09-04,2169.8,2169.8,2169.8,2169.8,2169.8,123959000
2020-09-08,2169.8,2169.8,2169.8,2169.8,2169.8,99568600
2020-09-09,2169.8,2169.8,2169.8,2169.8,2169.8,64837900
2020-09-10,2169.8,2169.8,2169.8,2169.8,2169.8,69667500
2020-09-11,2169.8,2169.8,2169.8,2169.8,2169.8,71809000
2020-09-14,2169.8,2169.8,2169.8,2169.8,2169.8,38525200
2020-09-15,2169.8,2169.8,2169.8,2169.8,2169.8,41849900
2020-09-16,2169.8,2169.8,2169.8,2169.8,2169.8,42321000
2020-09-17,2169.8,2169.8,2169.8,2169.8,2169.8,81570800
2020-09-18,2169.8,2169.8,2169.8,2169.8,2169.8,86251100
2020-09-21,2169.8,2169.8,2169.8,2169.8,2169.8,57168600
2020-09-22,2169.8,2169.8,2169.8,2169.8,2169.8,41128900
2020-09-23,2169.8,2169.8,2169.8,2169.8,2169.8,48837300
2020-09-24,2169.8,2169.8,2169.8,2169.8,2169.8,70631700
2020-09-25,2169.8,2169.8,2169.8,2169.8,2169.8,55242400
2020-09-28,2169.8,2169.8,2169.8,2169.8,2169.8,58438300
2020-09-29,2169.8,2169.8,2169.8,2169.8,2169.8,27050000
2020-09-30,2169.8,2169.8,2169.8,2169.8,2169.8,49380800
2020-10-01,2169.8,2169.8,2169.8,2169.8,2169.8,50020200
2020-10-02,2169.8,2169.8,2169.8,2169.8,2169.8,75497400
2020-10-05,2169.8,2169.8,2169.8,2169.8,2169.8,28184600
2020-10-06,2169.8,2169.8,2169.8,2169.8,2169.8,49704200
2020-10-07,2169.8,2169.8,2169.8,2169.8,2169.8,27539700
2020-10-08,2169.8,2169.8,2169.8,2169.8,2169.8,25443300
2020-10-09,2169.8,2169.8,2169.8,2169.8,2169.8,30201100
2020-10-12,2169.8,2169.8,2169.8,2169.8,2169.8,79370700
2020-10-13,2169.8,2169.8,2169.8,2169.8,2169.8,64240000
2020-10-14,2169.8,2169.8,2169.8,2169.8,2169.8,36949100
2020-10-15,2169.8,2169.8,2169.8,2169.8,2169.8,42514200
2020-10-16,2169.8,2169.8,2169.8,2169.8,2169.8,40570700
2020-10-19,2169.8,2169.8,2169.8,2169.8,2169.8,36756800
2020-10-20,2169.8,2169.8,2169.8,2169.8,2169.8,32195400
2020-10-21,2169.8,2169.8,2169.8,2169.8,2169.8,29306100
2020-10-22,2169.8,2169.8,2169.8,2169.8,2169.8,32196200
2020-10-23,2169.8,2169.8,2169.8,2169.8,2169.8,24658500
2020-10-26,2169.8,2169.8,2169.8,2169.8,2169.8,38421100
2020-10-27,2169.8,2169.8,2169.8,2169.8,2169.8,30559100
2020-10-28,2169.8,2169.8,2169.8,2169.8,2169.8,53413500
2020-10-29,2169.8,2169.8,2169.8,2169.8,2169.8,43246300
2020-10-30,2169.8,2169.8,2169.8,2169.8,2169.8,65838300
2020-11-02,2169.8,2169.8,2169.8,2169.8,2169.8,39987400
2020-11-03,2169.8,2169.8,2169.8,2169.8,2169.8,43604100
2020-11-04,2169.8,2169.8,2169.8,2169.8,2169.8,75728200
2020-11-05,2169.8,2169.8,2169.8,2169.8,2169.8,52054200
2020-11-06,2169.8,2169.8,2169.8,2169.8,2169.8,40959800
2020-11-09,2169.8,2169.8,2169.8,2169.8,2169.8,86537100
2020-11-10,2169.8,2169.8,2169.8,2169.8,2169.8,69024900
2020-11-11,2169.8,2169.8,2169.8,2169.8,2169.8,36102900
2020-11-12,2169.8,2169.8,2169.8,2169.8,2169.8,34414600
2020-11-13,2169.8,2169.8,2169.8,2169.8,2169.8,24806900
2020-11-16,2169.8,2169.8,2169.8,2169.8,2169.8,30168400
2020-11-17,2169.8,2169.8,2169.8,2169.8,2169.8,21843500
2020-11-18,2169.8,2169.8,2169.8,2169.8,2169.8,28069600
2020-11-19,2169.8,2169.8,2169.8,2169.8,2169.8,22718400
2020-11-20,2169.8,2169.8,2169.8,2169.8,2169.8,25907300
2020-11-23,2169.8,2169.8,2169.8,2169.8,2169.8,26875600
2020-11-24,2169.8,2169.8,2169.8,2169.8,2169.8,24516800
2020-11-25,2169.8,2169.8,2169.8,2169.8,2169.8,23326800
2020-11-27,2169.8,2169.8,2169.8,2169.8,2169.8,17163100
2020-11-30,2169.8,2169.8,2169.8,2169.8,2169.8,27836200
2020-12-01,2169.8,2169.8,2169.8,2169.8,2169.8,27521300
2020-12-02,2169.8,2169.8,2169.8,2169.8,2169.8,23620000
2020-12-03,2169.8,2169.8,2169.8,2169.8,2169.8,22828700
2020-12-04,2169.8,2169.8,2169.8,2169.8,2169.8,19332100
2020-12-07,2169.8,2169.8,2169.8,2169.8,2169.8,20851000
2020-12-08,2169.8,2169.8,2169.8,2169.8,2169.8,18341500
2020-12-09,2169.8,2169.8,2169.8,2169.8,2169.8,48839300
2020-12-10,2169.8,2169.8,2169.8,2169.8,2169.8,27519500
2020-12-11,2169.8,2169.8,2169.8,2169.8,2169.8,26760400
2020-12-14,2169.8,2169.8,2169.8,2169.8,2169.8,28804800
2020-12-15,2169.8,2169.8,2169.8,2169.8,2169.8,25709000
2020-12-16,2169.8,2169.8,2169.8,2169.8,2169.8,25461900
2020-12-17,2169.8,2169.8,2169.8,2169.8,2169.8,23730500
2020-12-18,2169.8,2169.8,2169.8,2169.8,2169.8,41173400
2020-12-21,2169.8,2169.8,2169.8,2169.8,2169.8,37095500
2020-12-22,2169.8,2169.8,2169.8,2169.8,2169.8,26176300
2020-12-23,2169.8,2169.8,2169.8,2169.8,2169.8,21201300
2020-12-24,2169.8,2169.8,2169.8,2169.8,2169.8,16785000
2020-12-28,2169.8,2169.8,2169.8,2169.8,2169.8,22497700
2020-12-29,2169.8,2169.8,2169.8,2169.8,2169.8,25871900
2020-12-30,2169.8,2169.8,2169.8,2169.8,2169.8,18138100
2020-12-31,2169.8,2169.8,2169.8,2169.8,2169.8,21611400
2021-01-04,2226.4,2226.4,2226.4,2226.4,2226.4,45305900
2021-01-05,2226.4,2226.4,2226.4,2226.4,2226.4,29323400
2021-01-06,2226.4,2226.4,2226.4,2226.4,2226.4,52809600
2021-01-07,2226.4,2226.4,2226.4,2226.4,2226.4,30394800
2021-01-08,2226.4,2226.4,2226.4,2226.4,2226.4,33955800
2021-01-11,2226.4,2226.4,2226.4,2226.4,2226.4,32746400
2021-01-12,2226.4,2226.4,2226.4,2226.4,2226.4,29266800
2021-01-13,2226.4,2226.4,2226.4,2226.4,2226.4,22898400
2021-01-14,2226.4,2226.4,2226.4,2226.4,2226.4,23500100
2021-01-15,2226.4,2226.4,2226.4,2226.4,2226.4,35118700
2021-01-19,2226.4,2226.4,2226.4,2226.4,2226.4,24537000
2021-01-20,2226.4,2226.4,2226.4,2226.4,2226.4,30728100
2021-01-21,2226.4,2226.4,2226.4,2226.4,2226.4,25130600
2021-01-22,2226.4,2226.4,2226.4,2226.4,2226.4,21609400
2021-01-25,2226.4,2226.4,2226.4,2226.4,2226.4,39080600
2021-01-26,2226.4,2226.4,2226.4,2226.4,2226.4,25498100
2021-01-27,2226.4,2226.4,2226.4,2226.4,2226.4,55264000
2021-01-28,2226.4,2226.4,2226.4,2226.4,2226.4,42836300
2021-01-29,2226.4,2226.4,2226.4,2226.4,2226.4,55259000
2021-02-01,2226.4,2226.4,2226.4,2226.4,2226.4,35646000
2021-02-02,2226.4,2226.4,2226.4,2226.4,2226.4,33930800
2021-02-03,2226.4,2226.4,2226.4,2226.4,2226.4,24824500
2021-02-04,2226.4,2226.4,2226.4,2226.4,2226.4,22350900
2021-02-05,2226.4,2226.4,2226.4,2226.4,2226.4,22732000
2021-02-08,2226.4,2226.4,2226.4,2226.4,2226.4,20462800
2021-02-09,2226.4,2226.4,2226.4,2226.4,2226.4,17597500
2021-02-10,2226.4,2226.4,2226.4,2226.4,2226.4,28068700
2021-02-11,2226.4,2226.4,2226.4,2226.4,2226.4,22046100
2021-02-12,2226.4,2226.4,2226.4,2226.4,2226.4,20346800
2021-02-16,2226.4,2226.4,2226.4,2226.4,2226.4,27080800
2021-02-17,2226.4,2226.4,2226.4,2226.4,2226.4,31360300
2021-02-18,2226.4,2226.4,2226.4,2226.4,2226.4,32236200
2021-02-19,2226.4,2226.4,2226.4,2226.4,2226.4,39157700
2021-02-22,2226.4,2226.4,2226.4,2226.4,2226.4,47256900
2021-02-23,2226.4,2226.4,2226.4,2226.4,2226.4,97241900
2021-02-24,2226.4,2226.4,2226.4,2226.4,2226.4,58206300
2021-02-25,2226.4,2226.4,2226.4,2226.4,2226.4,110182600
2021-02-26,2226.4,2226.4,2226.4,2226.4,2226.4,104739800
2021-03-01,2226.4,2226.4,2226.4,2226.4,2226.4,49164500
2021-03-02,2226.4,2226.4,2226.4,2226.4,2226.4,48370000
2021-03-03,2226.4,2226.4,2226.4,2226.4,2226.4,86301100
2021-03-04,2226.4,2226.4,2226.4,2226.4,2226.4,139131600
2021-03-05,2226.4,2226.4,2226.4,2226.4,2226.4,121523700
2021-03-08,2226.4,2226.4,2226.4,2226.4,2226.4,88409800
2021-03-09,2226.4,2226.4,2226.4,2226.4,2226.4,80391100
2021-03-10,2226.4,2226.4,2226.4,2226.4,2226.4,76798100
2021-03-11,2226.4,2226.4,2226.4,2226.4,2226.4,53484800
2021-03-12,2226.4,2226.4,2226.4,2226.4,2226.4,69315600
2021-03-15,2226.4,2226.4,2226.4,2226.4,2226.4,42955700
2021-03-16,2226.4,2226.4,2226.4,2226.4,2226.4,54925900
2021-03-17,2226.4,2226.4,2226.4,2226.4,2226.4,78258700
2021-03-18,2226.4,2226.4,2226.4,2226.4,2226.4,82718100
2021-03-19,2226.4,2226.4,2226.4,2226.4,2226.4,78446200
2021-03-22,2226.4,2226.4,2226.4,2226.4,2226.4,56194800
2021-03-23,2226.4,2226.4,2226.4,2226.4,2226.4,53455400
2021-03-24,2226.4,2226.4,2226.4,2226.4,2226.4,64803700
2021-03-25,2226.4,2226.4,2226.4,2226.4,2226.4,78729000
2021-03-26,2226.4,2226.4,2226.4,2226.4,2226.4,63519600
2021-03-29,2226.4,2226.4,2226.4,2226.4,2226.4,54608000
2021-03-30,2226.4,2226.4,2226.4,2226.4,2226.4,44635700
2021-03-31,2226.4,2226.4,2226.4,2226.4,2226.4,55032500
2021-04-01,2226.4,2226.4,2226.4,2226.4,2226.4,55685600
2021-04-05,2226.4,2226.4,2226.4,2226.4,2226.4,42172500
2021-04-06,2226.4,2226.4,2226.4,2226.4,2226.4,33537200
2021-04-07,2226.4,2226.4,2226.4,2226.4,2226.4,32046400
2021-04-08,2226.4,2226.4,2226.4,2226.4,2226.4,29940800
2021-04-09,2226.4,2226.4,2226.4,2226.4,2226.4,36664900
2021-04-12,2226.4,2226.4,2226.4,2226.4,2226.4,25833000
2021-04-13,2226.4,2226.4,2226.4,2226.4,2226.4,30374000
2021-04-14,2226.4,2226.4,2226.4,2226.4,2226.4,42564300
2021-04-15,2226.4,2226.4,2226.4,2226.4,2226.4,36342800
2021-04-16,2226.4,2226.4,2226.4,2226.4,2226.4,40860100
2021-04-19,2226.4,2226.4,2226.4,2226.4,2226.4,34533100
2021-04-20,2226.4,2226.4,2226.4,2226.4,2226.4,38081800
2021-04-21,2226.4,2226.4,2226.4,2226.4,2226.4,36598100
2021-04-22,2226.4,2226.4,2226.4,2226.4,2226.4,45936100
2021-04-23,2226.4,2226.4,2226.4,2226.4,2226.4,36381900
2021-04-26,2226.4,2226.4,2226.4,2226.4,2226.4,30812000
2021-04-27,2226.4,2226.4,2226.4,2226.4,2226.4,33187200
2021-04-28,2226.4,2226.4,2226.4,2226.4,2226.4,33615700
2021-04-29,2226.4,2226.4,2226.4,2226.4,2226.4,37708900
2021-04-30,2226.4,2226.4,2226.4,2226.4,2226.4,38263400
2021-05-03,2226.4,2226.4,2226.4,2226.4,2226.4,29729700
2021-05-04,2226.4,2226.4,2226.4,2226.4,2226.4,65147000
2021-05-05,2226.4,2226.4,2226.4,2226.4,2226.4,46219300
2021-05-06,2226.4,2226.4,2226.4,2226.4,2226.4,46814300
2021-05-07,2226.4,2226.4,2226.4,2226.4,2226.4,53324500
2021-05-10,2226.4,2226.4,2226.4,2226.4,2226.4,60700500
2021-05-11,2226.4,2226.4,2226.4,2226.4,2226.4,71963600
2021-05-12,2226.4,2226.4,2226.4,2226.4,2226.4,91164900
2021-05-13,2226.4,2226.4,2226.4,2226.4,2226.4,69877800
2021-05-14,2226.4,2226.4,2226.4,2226.4,2226.4,44370000
2021-05-17,2226.4,2226.4,2226.4,2226.4,2226.4,39395000
2021-05-18,2226.4,2226.4,2226.4,2226.4,2226.4,36528500
2021-05-19,2226.4,2226.4,2226.4,2226.4,2226.4,66319100
2021-05-20,2226.4,2226.4,2226.4,2226.4,2226.4,46466100
2021-05-21,2226.4,2226.4,2226.4,2226.4,2226.4,50330400
2021-05-24,2226.4,2226.4,2226.4,2226.4,2226.4,32475800
2021-05-25,2226.4,2226.4,2226.4,2226.4,2226.4,31280300
2021-05-26,2226.4,2226.4,2226.4,2226.4,2226.4,25444900
2021-05-27,2226.4,2226.4,2226.4,2226.4,2226.4,27931700
2021-05-28,2226.4,2226.4,2226.4,2226.4,2226.4,29927400
2021-06-01,2226.4,2226.4,2226.4,2226.4,2226.4,31145400
2021-06-02,2226.4,2226.4,2226.4,2226.4,2226.4,22047900
2021-06-03,2226.4,2226.4,2226.4,2226.4,2226.4,37057800
2021-06-04,2226.4,2226.4,2226.4,2226.4,2226.4,38736500
2021-06-07,2226.4,2226.4,2226.4,2226.4,2226.4,32611900
2021-06-08,2226.4,2226.4,2226.4,2226.4,2226.4,27282800
2021-06-09,2226.4,2226.4,2226.4,2226.4,2226.4,21485300
2021-06-10,2226.4,2226.4,2226.4,2226.4,2226.4,33702100
2021-06-11,2226.4,2226.4,2226.4,2226.4,2226.4,21222800
2021-06-14,2226.4,2226.4,2226.4,2226.4,2226.4,27827700
2021-06-15,2226.4,2226.4,2226.4,2226.4,2226.4,35963800
2021-06-16,2226.4,2226.4,2226.4,2226.4,2226.4,55399500
2021-06-17,2226.4,2226.4,2226.4,2226.4,2226.4,59722700
2021-06-18,2226.4,2226.4,2226.4,2226.4,2226.4,55414900
2021-06-21,2226.4,2226.4,2226.4,2226.4,2226.4,32992600
2021-06-22,2226.4,2226.4,2226.4,2226.4,2226.4,28941600
2021-06-23,2226.4,2226.4,2226.4,2226.4,2226.4,27188500
2021-06-24,2226.4,2226.4,2226.4,2226.4,2226.4,32581600
2021-06-25,2226.4,2226.4,2226.4,2226.4,2226.4,28682800
2021-06-28,2226.4,2226.4,2226.4,2226.4,2226.4,39130300
2021-06-29,2226.4,2226.4,2226.4,2226.4,2226.4,29426000
2021-06-30,2226.4,2226.4,2226.4,2226.4,2226.4,32724000
2021-07-01,2283,2283,2283,2283,2283,29290000
2021-07-02,2283,2283,2283,2283,2283,32727200
2021-07-06,2283,2283,2283,2283,2283,38842400
2021-07-07,2283,2283,2283,2283,2283,35265200
2021-07-08,2283,2283,2283,2283,2283,50890000
2021-07-09,2283,2283,2283,2283,2283,35184500
2021-07-12,2283,2283,2283,2283,2283,25717700
2021-07-13,2283,2283,2283,2283,2283,39723000
2021-07-14,2283,2283,2283,2283,2283,35336400
2021-07-15,2283,2283,2283,2283,2283,53391600
2021-07-16,2283,2283,2283,2283,2283,47262000
2021-07-19,2283,2283,2283,2283,2283,64404600
2021-07-20,2283,2283,2283,2283,2283,42183700
2021-07-21,2283,2283,2283,2283,2283,30259900
2021-07-22,2283,2283,2283,2283,2283,30252200
2021-07-23,2283,2283,2283,2283,2283,31960800
2021-07-26,2283,2283,2283,2283,2283,28438100
2021-07-27,2283,2283,2283,2283,2283,57933100
2021-07-28,2283,2283,2283,2283,2283,42066200
2021-07-29,2283,2283,2283,2283,2283,25672500
2021-07-30,2283,2283,2283,2283,2283,36484600
2021-08-02,2283,2283,2283,2283,2283,27334100
2021-08-03,2283,2283,2283,2283,2283,35558500
2021-08-04,2283,2283,2283,2283,2283,29602200
2021-08-05,2283,2283,2283,2283,2283,21443900
2021-08-06,2283,2283,2283,2283,2283,33332100
2021-08-09,2283,2283,2283,2283,2283,25960200
2021-08-10,2283,2283,2283,2283,2283,35130800
2021-08-11,2283,2283,2283,2283,2283,34249800
2021-08-12,2283,2283,2283,2283,2283,25969200
2021-08-13,2283,2283,2283,2283,2283,19336200
2021-08-16,2283,2283,2283,2283,2283,34856900
2021-08-17,2283,2283,2283,2283,2283,44793900
2021-08-18,2283,2283,2283,2283,2283,38541900
2021-08-19,2283,2283,2283,2283,2283,48499400
2021-08-20,2283,2283,2283,2283,2283,39486000
2021-08-23,2283,2283,2283,2283,2283,34034700
2021-08-24,2283,2283,2283,2283,2283,21732900
2021-08-25,2283,2283,2283,2283,2283,20441900
2021-08-26,2283,2283,2283,2283,2283,29133300
2021-08-27,2283,2283,2283,2283,2283,27104700
2021-08-30,2283,2283,2283,2283,2283,27295700
2021-08-31,2283,2283,2283,2283,2283,29628200
2021-09-01,2283,2283,2283,2283,2283,28138300
2021-09-02,2283,2283,2283,2283,2283,25453400
2021-09-03,2283,2283,2283,2283,2283,24605400
2021-09-07,2283,2283,2283,2283,2283,23970200
2021-09-08,2283,2283,2283,2283,2283,32949200
2021-09-09,2283,2283,2283,2283,2283,29399000
2021-09-10,2283,2283,2283,2283,2283,40249400
2021-09-13,2283,2283,2283,2283,2283,48741800
2021-09-14,2283,2283,2283,2283,2283,41826600
2021-09-15,2283,2283,2283,2283,2283,34097900
2021-09-16,2283,2283,2283,2283,2283,35193100
2021-09-17,2283,2283,2283,2283,2283,60912300
2021-09-20,2283,2283,2283,2283,2283,76203200
2021-09-21,2283,2283,2283,2283,2283,41927500
2021-09-22,2283,2283,2283,2283,2283,46972900
2021-09-23,2283,2283,2283,2283,2283,44652000
2021-09-24,2283,2283,2283,2283,2283,36056800
2021-09-27,2283,2283,2283,2283,2283,43338100
2021-09-28,2283,2283,2283,2283,2283,97701600
2021-09-29,2283,2283,2283,2283,2283,58076600
2021-09-30,2283,2283,2283,2283,2283,61384600
2021-10-01,2283,2283,2283,2283,2283,56375500
2021-10-04,2283,2283,2283,2283,2283,76766000
2021-10-05,2283,2283,2283,2283,2283,47232900
2021-10-06,2283,2283,2283,2283,2283,56806500
2021-10-07,2283,2283,2283,2283,2283,39411200
2021-10-08,2283,2283,2283,2283,2283,41822300
2021-10-11,2283,2283,2283,2283,2283,34847200
2021-10-12,2283,2283,2283,2283,2283,43905100
2021-10-13,2283,2283,2283,2283,2283,40120800
2021-10-14,2283,2283,2283,2283,2283,43433900
2021-10-15,2283,2283,2283,2283,2283,40419900
2021-10-18,2283,2283,2283,2283,2283,34513500
2021-10-19,2283,2283,2283,2283,2283,29091000
2021-10-20,2283,2283,2283,2283,2283,31390300
2021-10-21,2283,2283,2283,2283,2283,25469300
2021-10-22,2283,2283,2283,2283,2283,36275800
2021-10-25,2283,2283,2283,2283,2283,32597800
2021-10-26,2283,2283,2283,2283,2283,47191300
2021-10-27,2283,2283,2283,2283,2283,45760500
2021-10-28,2283,2283,2283,2283,2283,38007000
2021-10-29,2283,2283,2283,2283,2283,37310100
2021-11-01,2283,2283,2283,2283,2283,30765300
2021-11-02,2283,2283,2283,2283,2283,25135300
2021-11-03,2283,2283,2283,2283,2283,33748900
2021-11-04,2283,2283,2283,2283,2283,40265300
2021-11-05,2283,2283,2283,2283,2283,43383800
2021-11-08,2283,2283,2283,2283,2283,29256300
2021-11-09,2283,2283,2283,2283,2283,50490700
2021-11-10,2283,2283,2283,2283,2283,54937400
2021-11-11,2283,2283,2283,2283,2283,32243000
2021-11-12,2283,2283,2283,2283,2283,34730600
2021-11-15,2283,2283,2283,2283,2283,33716900
2021-11-16,2283,2283,2283,2283,2283,27872900
2021-11-17,2283,2283,2283,2283,2283,28703300
2021-11-18,2283,2283,2283,2283,2283,45721500
2021-11-19,2283,2283,2283,2283,2283,45191700
2021-11-22,2283,2283,2283,2283,2283,61715400
2021-11-23,2283,2283,2283,2283,2283,70098700
2021-11-24,2283,2283,2283,2283,2283,46954400
2021-11-26,2283,2283,2283,2283,2283,51533300
2021-11-29,2283,2283,2283,2283,2283,54447100
2021-11-30,2283,2283,2283,2283,2283,81332700
2021-12-01,2283,2283,2283,2283,2283,77766500
2021-12-02,2283,2283,2283,2283,2283,84416600
2021-12-03,2283,2283,2283,2283,2283,105349100
2021-12-06,2283,2283,2283,2283,2283,67588800
2021-12-07,2283,2283,2283,2283,2283,56005300
2021-12-08,2283,2283,2283,2283,2283,39204000
2021-12-09,2283,2283,2283,2283,2283,49973700
2021-12-10,2283,2283,2283,2283,2283,52545800
2021-12-13,2283,2283,2283,2283,2283,50166400
2021-12-14,2283,2283,2283,2283,2283,75199200
2021-12-15,2283,2283,2283,2283,2283,73858000
2021-12-16,2283,2283,2283,2283,2283,82591400
2021-12-17,2283,2283,2283,2283,2283,80492500
2021-12-20,2283,2283,2283,2283,2283,65336800
2021-12-21,2283,2283,2283,2283,2283,48899500
2021-12-22,2283,2283,2283,2283,2283,37042200
2021-12-23,2283,2283,2283,2283,2283,29595500
2021-12-27,2283,2283,2283,2283,2283,32820700
2021-12-28,2283,2283,2283,2283,2283,33113700
2021-12-29,2283,2283,2283,2283,2283,32248500
2021-12-30,2283,2283,2283,2283,2283,23850100
2021-12-31,2283,2283,2283,2283,2283,34752900
2022-01-03,2339.6,2339.6,2339.6,2339.6,2339.6,40575900
2022-01-04,2339.6,2339.6,2339.6,2339.6,2339.6,58027200
2022-01-05,2339.6,2339.6,2339.6,2339.6,2339.6,75739800
2022-01-06,2339.6,2339.6,2339.6,2339.6,2339.6,70814300
2022-01-07,2339.6,2339.6,2339.6,2339.6,2339.6,72652300
2022-01-10,2339.6,2339.6,2339.6,2339.6,2339.6,91770500
2022-01-11,2339.6,2339.6,2339.6,2339.6,2339.6,68295700
2022-01-12,2339.6,2339.6,2339.6,2339.6,2339.6,54576400
2022-01-13,2339.6,2339.6,2339.6,2339.6,2339.6,77994000
2022-01-14,2339.6,2339.6,2339.6,2339.6,2339.6,80121200
2022-01-18,2339.6,2339.6,2339.6,2339.6,2339.6,75450900
2022-01-19,2339.6,2339.6,2339.6,2339.6,2339.6,81791500
2022-01-20,2339.6,2339.6,2339.6,2339.6,2339.6,88610700
2022-01-21,2339.6,2339.6,2339.6,2339.6,2339.6,143388900
2022-01-24,2339.6,2339.6,2339.6,2339.6,2339.6,198685800
2022-01-25,2339.6,2339.6,2339.6,2339.6,2339.6,124398400
2022-01-26,2339.6,2339.6,2339.6,2339.6,2339.6,146559500
2022-01-27,2339.6,2339.6,2339.6,2339.6,2339.6,95255700
2022-01-28,2339.6,2339.6,2339.6,2339.6,2339.6,108167900
2022-01-31,2339.6,2339.6,2339.6,2339.6,2339.6,94326400
2022-02-01,2339.6,2339.6,2339.6,2339.6,2339.6,74433000
2022-02-02,2339.6,2339.6,2339.6,2339.6,2339.6,78777100
2022-02-03,2339.6,2339.6,2339.6,2339.6,2339.6,95384800
2022-02-04,2339.6,2339.6,2339.6,2339.6,2339.6,86318300
2022-02-07,2339.6,2339.6,2339.6,2339.6,2339.6,58198100
2022-02-08,2339.6,2339.6,2339.6,2339.6,2339.6,64720900
2022-02-09,2339.6,2339.6,2339.6,2339.6,2339.6,55766400
2022-02-10,2339.6,2339.6,2339.6,2339.6,2339.6,112468500
2022-02-11,2339.6,2339.6,2339.6,2339.6,2339.6,101569100
2022-02-14,2339.6,2339.6,2339.6,2339.6,2339.6,80254400
2022-02-15,2339.6,2339.6,2339.6,2339.6,2339.6,55128800
2022-02-16,2339.6,2339.6,2339.6,2339.6,2339.6,58947100
2022-02-17,2339.6,2339.6,2339.6,2339.6,2339.6,61801400
2022-02-18,2339.6,2339.6,2339.6,2339.6,2339.6,80001500
2022-02-22,2339.6,2339.6,2339.6,2339.6,2339.6,85967100
2022-02-23,2339.6,2339.6,2339.6,2339.6,2339.6,86215400
2022-02-24,2339.6,2339.6,2339.6,2339.6,2339.6,130614100
2022-02-25,2339.6,2339.6,2339.6,2339.6,2339.6,78842100
2022-02-28,2339.6,2339.6,2339.6,2339.6,2339.6,77515500
2022-03-01,2339.6,2339.6,2339.6,2339.6,2339.6,67407000
2022-03-02,2339.6,2339.6,2339.6,2339.6,2339.6,70609000
2022-03-03,2339.6,2339.6,2339.6,2339.6,2339.6,71089400
2022-03-04,2339.6,2339.6,2339.6,2339.6,2339.6,76936300
2022-03-07,2339.6,2339.6,2339.6,2339.6,2339.6,89933800
2022-03-08,2339.6,2339.6,2339.6,2339.6,2339.6,116153900
2022-03-09,2339.6,2339.6,2339.6,2339.6,2339.6,64723400
2022-03-10,2339.6,2339.6,2339.6,2339.6,2339.6,69362700
2022-03-11,2339.6,2339.6,2339.6,2339.6,2339.6,66228400
2022-03-14,2339.6,2339.6,2339.6,2339.6,2339.6,79802600
2022-03-15,2339.6,2339.6,2339.6,2339.6,2339.6,76471000
2022-03-16,2339.6,2339.6,2339.6,2339.6,2339.6,105243000
2022-03-17,2339.6,2339.6,2339.6,2339.6,2339.6,67810000
2022-03-18,2339.6,2339.6,2339.6,2339.6,2339.6,85446300
2022-03-21,2339.6,2339.6,2339.6,2339.6,2339.6,73799100
2022-03-22,2339.6,2339.6,2339.6,2339.6,2339.6,63345900
2022-03-23,2339.6,2339.6,2339.6,2339.6,2339.6,70615500
2022-03-24,2339.6,2339.6,2339.6,2339.6,2339.6,53555300
2022-03-25,2339.6,2339.6,2339.6,2339.6,2339.6,57584200
2022-03-28,2339.6,2339.6,2339.6,2339.6,2339.6,56833900
2022-03-29,2339.6,2339.6,2339.6,2339.6,2339.6,68073000
2022-03-30,2339.6,2339.6,2339.6,2339.6,2339.6,68757700
2022-03-31,2339.6,2339.6,2339.6,2339.6,2339.6,67011400
2022-04-01,2339.6,2339.6,2339.6,2339.6,2339.6,54527800
2022-04-04,2339.6,2339.6,2339.6,2339.6,2339.6,45950200
2022-04-05,2339.6,2339.6,2339.6,2339.6,2339.6,62738700
2022-04-06,2339.6,2339.6,2339.6,2339.6,2339.6,90077100
2022-04-07,2339.6,2339.6,2339.6,2339.6,2339.6,63777400
2022-04-08,2339.6,2339.6,2339.6,2339.6,2339.6,61956100
2022-04-11,2339.6,2339.6,2339.6,2339.6,2339.6,66107400
2022-04-12,2339.6,2339.6,2339.6,2339.6,2339.6,72790200
2022-04-13,2339.6,2339.6,2339.6,2339.6,2339.6,61367800
2022-04-14,2339.6,2339.6,2339.6,2339.6,2339.6,73519400
2022-04-18,2339.6,2339.6,2339.6,2339.6,2339.6,58560600
2022-04-19,2339.6,2339.6,2339.6,2339.6,2339.6,56515700
2022-04-20,2339.6,2339.6,2339.6,2339.6,2339.6,65500000
2022-04-21,2339.6,2339.6,2339.6,2339.6,2339.6,75801000
2022-04-22,2339.6,2339.6,2339.6,2339.6,2339.6,82562100
2022-04-25,2339.6,2339.6,2339.6,2339.6,2339.6,101755900
2022-04-26,2339.6,2339.6,2339.6,2339.6,2339.6,105819600
2022-04-27,2339.6,2339.6,2339.6,2339.6,2339.6,111204200
2022-04-28,2339.6,2339.6,2339.6,2339.6,2339.6,99450000
2022-04-29,2339.6,2339.6,2339.6,2339.6,2339.6,91977900
2022-05-02,2339.6,2339.6,2339.6,2339.6,2339.6,115511800
2022-05-03,2339.6,2339.6,2339.6,2339.6,2339.6,78185500
2022-05-04,2339.6,2339.6,2339.6,2339.6,2339.6,116083400
2022-05-05,2339.6,2339.6,2339.6,2339.6,2339.6,154607400
2022-05-06,2339.6,2339.6,2339.6,2339.6,2339.6,139572800
2022-05-09,2339.6,2339.6,2339.6,2339.6,2339.6,113387300
2022-05-10,2339.6,2339.6,2339.6,2339.6,2339.6,124124600
2022-05-11,2339.6,2339.6,2339.6,2339.6,2339.6,140326100
2022-05-12,2339.6,2339.6,2339.6,2339.6,2339.6,120910900
2022-05-13,2339.6,2339.6,2339.6,2339.6,2339.6,83684900
2022-05-16,2339.6,2339.6,2339.6,2339.6,2339.6,59190400
2022-05-17,2339.6,2339.6,2339.6,2339.6,2339.6,62715300
2022-05-18,2339.6,2339.6,2339.6,2339.6,2339.6,79477100
2022-05-19,2339.6,2339.6,2339.6,2339.6,2339.6,79920700
2022-05-20,2339.6,2339.6,2339.6,2339.6,2339.6,91764200
2022-05-23,2339.6,2339.6,2339.6,2339.6,2339.6,63648400
2022-05-24,2339.6,2339.6,2339.6,2339.6,2339.6,73491100
2022-05-25,2339.6,2339.6,2339.6,2339.6,2339.6,67144500
2022-05-26,2339.6,2339.6,2339.6,2339.6,2339.6,59462200
2022-05-27,2339.6,2339.6,2339.6,2339.6,2339.6,66985600
2022-05-31,2339.6,2339.6,2339.6,2339.6,2339.6,60968300
2022-06-01,2339.6,2339.6,2339.6,2339.6,2339.6,65341700
2022-06-02,2339.6,2339.6,2339.6,2339.6,2339.6,59291300
2022-06-03,2339.6,2339.6,2339.6,2339.6,2339.6,60914700
2022-06-06,2339.6,2339.6,2339.6,2339.6,2339.6,51785000
2022-06-07,2339.6,2339.6,2339.6,2339.6,2339.6,44900300
2022-06-08,2339.6,2339.6,2339.6,2339.6,2339.6,38342100
2022-06-09,2339.6,2339.6,2339.6,2339.6,2339.6,55900500
2022-06-10,2339.6,2339.6,2339.6,2339.6,2339.6,85963500
2022-06-13,2339.6,2339.6,2339.6,2339.6,2339.6,94442000
2022-06-14,2339.6,2339.6,2339.6,2339.6,2339.6,64697500
2022-06-15,2339.6,2339.6,2339.6,2339.6,2339.6,86051400
2022-06-16,2339.6,2339.6,2339.6,2339.6,2339.6,81910300
2022-06-17,2339.6,2339.6,2339.6,2339.6,2339.6,82703400
2022-06-21,2339.6,2339.6,2339.6,2339.6,2339.6,51633700
2022-06-22,2339.6,2339.6,2339.6,2339.6,2339.6,67472900
2022-06-23,2339.6,2339.6,2339.6,2339.6,2339.6,57457800
2022-06-24,2339.6,2339.6,2339.6,2339.6,2339.6,58422300
2022-06-27,2339.6,2339.6,2339.6,2339.6,2339.6,54151500
2022-06-28,2339.6,2339.6,2339.6,2339.6,2339.6,61609800
2022-06-29,2339.6,2339.6,2339.6,2339.6,2339.6,57302700
2022-06-30,2339.6,2339.6,2339.6,2339.6,2339.6,79313600
2022-07-01,2339.6,2339.6,2339.6,2339.6,2339.6,56675100
2022-07-05,2396.2,2396.2,2396.2,2396.2,2396.2,61829300
2022-07-06,2396.2,2396.2,2396.2,2396.2,2396.2,63194700
2022-07-07,2396.2,2396.2,2396.2,2396.2,2396.2,56620100
2022-07-08,2396.2,2396.2,2396.2,2396.2,2396.2,59895500
2022-07-11,2396.2,2396.2,2396.2,2396.2,2396.2,55273900
2022-07-12,2396.2,2396.2,2396.2,2396.2,2396.2,55797100
2022-07-13,2396.2,2396.2,2396.2,2396.2,2396.2,73939400
2022-07-14,2396.2,2396.2,2396.2,2396.2,2396.2,63741800
2022-07-15,2396.2,2396.2,2396.2,2396.2,2396.2,63818100
2022-07-18,2396.2,2396.2,2396.2,2396.2,2396.2,59519600
2022-07-19,2396.2,2396.2,2396.2,2396.2,2396.2,55172600
2022-07-20,2396.2,2396.2,2396.2,2396.2,2396.2,67769400
2022-07-21,2396.2,2396.2,2396.2,2396.2,2396.2,55049400
2022-07-22,2396.2,2396.2,2396.2,2396.2,2396.2,57127700
2022-07-25,2396.2,2396.2,2396.2,2396.2,2396.2,40582400
2022-07-26,2396.2,2396.2,2396.2,2396.2,2396.2,50074100
2022-07-27,2396.2,2396.2,2396.2,2396.2,2396.2,69304400
2022-07-28,2396.2,2396.2,2396.2,2396.2,2396.2,55139900
2022-07-29,2396.2,2396.2,2396.2,2396.2,2396.2,57501000
2022-08-01,2396.2,2396.2,2396.2,2396.2,2396.2,46358800
2022-08-02,2396.2,2396.2,2396.2,2396.2,2396.2,48676500
2022-08-03,2396.2,2396.2,2396.2,2396.2,2396.2,53735700
2022-08-04,2396.2,2396.2,2396.2,2396.2,2396.2,38973700
2022-08-05,2396.2,2396.2,2396.2,2396.2,2396.2,53894000
2022-08-08,2396.2,2396.2,2396.2,2396.2,2396.2,43878500
2022-08-09,2396.2,2396.2,2396.2,2396.2,2396.2,39764200
2022-08-10,2396.2,2396.2,2396.2,2396.2,2396.2,51459600
2022-08-11,2396.2,2396.2,2396.2,2396.2,2396.2,45897700
2022-08-12,2396.2,2396.2,2396.2,2396.2,2396.2,40928400
2022-08-15,2396.2,2396.2,2396.2,2396.2,2396.2,38266600
2022-08-16,2396.2,2396.2,2396.2,2396.2,2396.2,41186900
2022-08-17,2396.2,2396.2,2396.2,2396.2,2396.2,47842200
2022-08-18,2396.2,2396.2,2396.2,2396.2,2396.2,41937200
2022-08-19,2396.2,2396.2,2396.2,2396.2,2396.2,51770600
2022-08-22,2396.2,2396.2,2396.2,2396.2,2396.2,51098900
2022-08-23,2396.2,2396.2,2396.2,2396.2,2396.2,39497100
2022-08-24,2396.2,2396.2,2396.2,2396.2,2396.2,38057100
2022-08-25,2396.2,2396.2,2396.2,2396.2,2396.2,38098300
2022-08-26,2396.2,2396.2,2396.2,2396.2,2396.2,69047700
2022-08-29,2396.2,2396.2,2396.2,2396.2,2396.2,48321900
2022-08-30,2396.2,2396.2,2396.2,2396.2,2396.2,51184500
2022-08-31,2396.2,2396.2,2396.2,2396.2,2396.2,50044000
2022-09-01,2396.2,2396.2,2396.2,2396.2,2396.2,57990700
2022-09-02,2396.2,2396.2,2396.2,2396.2,2396.2,64666800
2022-09-06,2396.2,2396.2,2396.2,2396.2,2396.2,57005400
2022-09-07,2396.2,2396.2,2396.2,2396.2,2396.2,49260400
2022-09-08,2396.2,2396.2,2396.2,2396.2,2396.2,55649800
2022-09-09,2396.2,2396.2,2396.2,2396.2,2396.2,56125200
2022-09-12,2396.2,2396.2,2396.2,2396.2,2396.2,45905700
2022-09-13,2396.2,2396.2,2396.2,2396.2,2396.2,79562200
2022-09-14,2396.2,2396.2,2396.2,2396.2,2396.2,54907200
2022-09-15,2396.2,2396.2,2396.2,2396.2,2396.2,65299400
2022-09-16,2396.2,2396.2,2396.2,2396.2,2396.2,79920400
2022-09-19,2396.2,2396.2,2396.2,2396.2,2396.2,52613800
2022-09-20,2396.2,2396.2,2396.2,2396.2,2396.2,51271100
2022-09-21,2396.2,2396.2,2396.2,2396.2,2396.2,82931000
2022-09-22,2396.2,2396.2,2396.2,2396.2,2396.2,62757100
2022-09-23,2396.2,2396.2,2396.2,2396.2,2396.2,74815200
2022-09-26,2396.2,2396.2,2396.2,2396.2,2396.2,71176700
2022-09-27,2396.2,2396.2,2396.2,2396.2,2396.2,69780100
2022-09-28,2396.2,2396.2,2396.2,2396.2,2396.2,79652100
2022-09-29,2396.2,2396.2,2396.2,2396.2,2396.2,81216000
2022-09-30,2396.2,2396.2,2396.2,2396.2,2396.2,78482400
2022-10-03,2396.2,2396.2,2396.2,2396.2,2396.2,61267400
2022-10-04,2396.2,2396.2,2396.2,2396.2,2396.2,66696900
2022-10-05,2396.2,2396.2,2396.2,2396.2,2396.2,55766300
2022-10-06,2396.2,2396.2,2396.2,2396.2,2396.2,53489400
2022-10-07,2396.2,2396.2,2396.2,2396.2,2396.2,71354700
2022-10-10,2396.2,2396.2,2396.2,2396.2,2396.2,60393000
2022-10-11,2396.2,2396.2,2396.2,2396.2,2396.2,66522500
2022-10-12,2396.2,2396.2,2396.2,2396.2,2396.2,50580200
2022-10-13,2396.2,2396.2,2396.2,2396.2,2396.2,112894100
2022-10-14,2396.2,2396.2,2396.2,2396.2,2396.2,77244300
2022-10-17,2396.2,2396.2,2396.2,2396.2,2396.2,64576500
2022-10-18,2396.2,2396.2,2396.2,2396.2,2396.2,69781000
2022-10-19,2396.2,2396.2,2396.2,2396.2,2396.2,53115400
2022-10-20,2396.2,2396.2,2396.2,2396.2,2396.2,60605500
2022-10-21,2396.2,2396.2,2396.2,2396.2,2396.2,77897700
2022-10-24,2396.2,2396.2,2396.2,2396.2,2396.2,63963600
2022-10-25,2396.2,2396.2,2396.2,2396.2,2396.2,59014500
2022-10-26,2396.2,2396.2,2396.2,2396.2,2396.2,63492400
2022-10-27,2396.2,2396.2,2396.2,2396.2,2396.2,57760300
2022-10-28,2396.2,2396.2,2396.2,2396.2,2396.2,62651300
2022-10-31,2396.2,2396.2,2396.2,2396.2,2396.2,47742000
2022-11-01,2396.2,2396.2,2396.2,2396.2,2396.2,45895900
2022-11-02,2396.2,2396.2,2396.2,2396.2,2396.2,79803100
2022-11-03,2396.2,2396.2,2396.2,2396.2,2396.2,70038900
2022-11-04,2396.2,2396.2,2396.2,2396.2,2396.2,78313200
2022-11-07,2396.2,2396.2,2396.2,2396.2,2396.2,47333800
2022-11-08,2396.2,2396.2,2396.2,2396.2,2396.2,63213800
2022-11-09,2396.2,2396.2,2396.2,2396.2,2396.2,64862100
2022-11-10,2396.2,2396.2,2396.2,2396.2,2396.2,99256700
2022-11-11,2396.2,2396.2,2396.2,2396.2,2396.2,66961800